fov,x,y,barcode,gene
X10_Y10,1.3636363636363635,2.5,ATUT,invalid
X10_Y10,617.6111111111111,3.138888888888889,ATUT,invalid
X10_Y10,868.0,1.3333333333333333,ATUT,invalid
X10_Y10,334.89473684210526,9.289473684210526,AACT,Nr4a2
X10_Y10,276.0,9.0,AATU,invalid
X10_Y10,637.0,11.0,AACT,Nr4a2
X10_Y10,643.9577464788732,14.422535211267606,AAUT,invalid
X10_Y10,912.3636363636364,17.22077922077922,TAUU,invalid
X10_Y10,882.6969696969697,16.181818181818183,AATU,invalid
X10_Y10,325.7916666666667,16.458333333333332,ATUT,invalid
X10_Y10,203.890625,22.40625,ATUT,invalid
X10_Y10,280.5,17.954545454545453,ATUT,invalid
X10_Y10,161.0,17.5,ATUT,invalid
X10_Y10,217.8448275862069,27.166666666666668,ATUT,invalid
X10_Y10,332.9166666666667,18.666666666666668,AATT,invalid
X10_Y10,660.0,18.8,TAAU,invalid
X10_Y10,904.8,18.5,TAUU,invalid
X10_Y10,972.8163265306123,20.224489795918366,ATUT,invalid
X10_Y10,341.14,26.27,AATU,invalid
X10_Y10,652.2608695652174,24.17391304347826,AAUT,invalid
X10_Y10,882.68,27.52,TTTT,invalid
X10_Y10,963.0,26.0,ATUT,invalid
X10_Y10,950.5,30.68421052631579,ATCT,invalid
X10_Y10,645.9935897435897,47.181089743589745,AAUT,invalid
X10_Y10,80.0,34.5,TTTU,invalid
X10_Y10,868.6944444444445,36.97222222222222,AAUT,invalid
X10_Y10,970.75,35.0,TAUU,invalid
X10_Y10,959.1470588235294,40.970588235294116,AACT,Nr4a2
X10_Y10,88.6,38.8,TTCA,invalid
X10_Y10,451.0,38.0,TUAC,invalid
X10_Y10,924.08,40.56,ATUT,invalid
X10_Y10,628.2954545454545,42.20454545454545,AATU,invalid
X10_Y10,683.75,42.0,ATUT,invalid
X10_Y10,880.0,41.0,AAUT,invalid
X10_Y10,150.41176470588235,44.88235294117647,ATCT,invalid
X10_Y10,139.57777777777778,50.17777777777778,ATUT,invalid
X10_Y10,971.1764705882352,49.1764705882353,ATUT,invalid
X10_Y10,884.578947368421,51.68421052631579,ATUT,invalid
X10_Y10,60.0,51.30769230769231,ATUT,invalid
X10_Y10,36.5,51.5,TTUA,invalid
X10_Y10,421.5,51.5,AATT,invalid
X10_Y10,873.933962264151,57.75471698113208,ATTT,invalid
X10_Y10,575.125,55.666666666666664,ATTA,Tgtp1
X10_Y10,626.6470588235294,56.94117647058823,AAUA,invalid
X10_Y10,343.6756756756757,58.054054054054056,ATUT,invalid
X10_Y10,431.88235294117646,56.8235294117647,TAUT,invalid
X10_Y10,891.741935483871,59.403225806451616,TATU,invalid
X10_Y10,153.83333333333334,59.833333333333336,ATTT,invalid
X10_Y10,149.21428571428572,63.607142857142854,ATUT,invalid
X10_Y10,360.0131004366812,70.63318777292577,TAUU,invalid
X10_Y10,383.0,62.0,TAAC,invalid
X10_Y10,93.70370370370371,69.88888888888889,ATCT,invalid
X10_Y10,61.970588235294116,71.61764705882354,ATUT,invalid
X10_Y10,610.125,70.66666666666667,ATUT,invalid
X10_Y10,140.2207792207792,74.46753246753246,AATU,invalid
X10_Y10,109.17647058823529,72.3529411764706,ATCT,invalid
X10_Y10,129.02325581395348,73.4186046511628,TTTT,invalid
X10_Y10,375.84,75.5,ATUT,invalid
X10_Y10,468.5777777777778,77.4888888888889,ATUT,invalid
X10_Y10,47.891304347826086,78.3695652173913,AATU,invalid
X10_Y10,410.9,80.3,ATCT,invalid
X10_Y10,766.4,77.8,TTTU,invalid
X10_Y10,198.3125,84.078125,TAAT,Reln
X10_Y10,977.1428571428571,81.88571428571429,TAUC,invalid
X10_Y10,132.6,80.8,ATTA,Tgtp1
X10_Y10,486.27710843373495,86.56626506024097,ATTT,invalid
X10_Y10,308.125,82.125,ATUT,invalid
X10_Y10,190.1,83.8,ATCT,invalid
X10_Y10,735.0,86.0,ATTA,Tgtp1
X10_Y10,473.0,89.5,TTTT,invalid
X10_Y10,75.0,86.0,TTUT,invalid
X10_Y10,653.875,86.875,AACT,Nr4a2
X10_Y10,745.8333333333334,88.16666666666667,UACA,invalid
X10_Y10,125.63636363636364,91.45454545454545,ATUT,invalid
X10_Y10,409.0,91.2,AAUT,invalid
X10_Y10,104.5,93.5,ATUT,invalid
X10_Y10,207.3125,92.875,TAAT,Reln
X10_Y10,744.0,94.0,ATTA,Tgtp1
X10_Y10,798.7573221757323,104.69037656903765,TAUT,invalid
X10_Y10,747.2105263157895,104.0,TTCU,invalid
X10_Y10,667.5714285714286,109.05714285714286,AAUT,invalid
X10_Y10,744.0,113.79310344827586,invalid,invalid
X10_Y10,3.4,115.33333333333333,ATTA,Tgtp1
X10_Y10,820.7333333333333,115.33333333333333,TAAU,invalid
X10_Y10,841.5,117.5,ATUT,invalid
X10_Y10,510.5,115.8,ATTA,Tgtp1
X10_Y10,349.04347826086956,118.6086956521739,ATTT,invalid
X10_Y10,88.35714285714286,119.21428571428571,ATUT,invalid
X10_Y10,131.58823529411765,119.11764705882354,TTTA,invalid
X10_Y10,356.94146341463414,129.04390243902438,ATUT,invalid
X10_Y10,151.33333333333334,121.66666666666667,TATU,invalid
X10_Y10,130.40740740740742,126.44444444444444,AATA,invalid
X10_Y10,259.5,129.0,TAUU,invalid
X10_Y10,814.3538461538461,131.43076923076924,AAUT,invalid
X10_Y10,120.0,128.8,ATTT,invalid
X10_Y10,239.4,128.8,AAUT,invalid
X10_Y10,108.40517241379311,136.1551724137931,AUUA,invalid
X10_Y10,235.06060606060606,138.78787878787878,ATCT,invalid
X10_Y10,128.46153846153845,138.15384615384616,AAUT,invalid
X10_Y10,254.66666666666666,136.66666666666666,TATT,invalid
X10_Y10,803.8333333333334,138.16666666666666,UAAU,invalid
X10_Y10,527.1666666666666,142.45833333333334,ATTT,invalid
X10_Y10,686.6,142.2,ATUT,invalid
X10_Y10,279.05,145.25,UAUA,invalid
X10_Y10,239.0625,147.3125,ATUT,invalid
X10_Y10,519.03125,152.90625,TTTA,invalid
X10_Y10,531.6666666666666,159.66666666666666,ATTT,invalid
X10_Y10,707.0,160.2,ATUT,invalid
X10_Y10,46.0,179.5,AATA,invalid
X10_Y10,201.55555555555554,179.33333333333334,TTTA,invalid
X10_Y10,493.5882352941176,182.11764705882354,AAUT,invalid
X10_Y10,272.10714285714283,183.32142857142858,AAUA,invalid
X10_Y10,93.42105263157895,184.89473684210526,AUUT,invalid
X10_Y10,286.0,185.0,TAUC,invalid
X10_Y10,435.70588235294116,188.7058823529412,ATUT,invalid
X10_Y10,494.25,188.625,TAAT,Reln
X10_Y10,244.65277777777777,193.94444444444446,AATT,invalid
X10_Y10,46.208333333333336,192.29166666666666,AAUT,invalid
X10_Y10,0.4,191.8,AAUT,invalid
X10_Y10,4.2592592592592595,205.6604938271605,TAUU,invalid
X10_Y10,978.0,199.375,AAUT,invalid
X10_Y10,229.6153846153846,203.6153846153846,ATUT,invalid
X10_Y10,284.63235294117646,206.33823529411765,ATUT,invalid
X10_Y10,986.3783783783783,208.43243243243242,ATUT,invalid
X10_Y10,533.84375,216.71875,ATUT,invalid
X10_Y10,22.85,218.7,AUUT,invalid
X10_Y10,509.0,220.0,ATUT,invalid
X10_Y10,67.6,219.8,TAUA,invalid
X10_Y10,592.0,222.0,AAUT,invalid
X10_Y10,77.5,223.5,AAUT,invalid
X10_Y10,368.0,223.5,AAUT,invalid
X10_Y10,556.2173913043479,227.30434782608697,AATU,invalid
X10_Y10,581.453125,230.375,TAAU,invalid
X10_Y10,16.5,228.5,ATTA,Tgtp1
X10_Y10,415.5,229.0,ATUT,invalid
X10_Y10,544.421052631579,234.96842105263158,AAUT,invalid
X10_Y10,570.5,232.5,AATT,invalid
X10_Y10,797.0,232.5,ATUT,invalid
X10_Y10,608.7,235.3,AAUT,invalid
X10_Y10,596.5,239.5,AAUT,invalid
X10_Y10,285.09090909090907,242.36363636363637,AAUT,invalid
X10_Y10,604.1111111111111,242.66666666666666,ATUT,invalid
X10_Y10,584.276923076923,249.12307692307692,ATUT,invalid
X10_Y10,499.1969696969697,250.0151515151515,TTAT,invalid
X10_Y10,287.7037037037037,251.4814814814815,ATUT,invalid
X10_Y10,212.73333333333332,251.93333333333334,ATUT,invalid
X10_Y10,279.5421686746988,260.32530120481925,AAUT,invalid
X10_Y10,266.875,256.125,AAUT,invalid
X10_Y10,297.56880733944956,260.5963302752294,ATUT,invalid
X10_Y10,509.2,255.4,TUUU,invalid
X10_Y10,524.7241379310345,258.13793103448273,ATTT,invalid
X10_Y10,607.8823529411765,256.5882352941176,AUAT,invalid
X10_Y10,465.17241379310343,258.82758620689657,ATUT,invalid
X10_Y10,580.6666666666666,256.3333333333333,TAUA,invalid
X10_Y10,711.952380952381,264.14285714285717,AUUT,invalid
X10_Y10,578.8888888888889,263.3333333333333,AAUT,invalid
X10_Y10,497.77027027027026,270.7432432432432,TTAT,invalid
X10_Y10,518.3125,267.9375,AAUT,invalid
X10_Y10,275.75,270.25,AAUT,invalid
X10_Y10,691.5,272.0,AACT,Nr4a2
X10_Y10,708.9736842105264,280.10526315789474,TAAU,invalid
X10_Y10,277.1904761904762,281.5,ATUT,invalid
X10_Y10,480.5,279.0,AATT,invalid
X10_Y10,263.7307692307692,281.2307692307692,AUUT,invalid
X10_Y10,411.18518518518516,281.25925925925924,ATTA,Tgtp1
X10_Y10,727.8860759493671,287.9493670886076,ATAA,invalid
X10_Y10,489.6,283.8,AATT,invalid
X10_Y10,499.6101694915254,287.9491525423729,TAAT,Reln
X10_Y10,0.0,285.5,UUAU,invalid
X10_Y10,518.125,286.875,TATA,invalid
X10_Y10,699.1764705882352,294.2549019607843,ATUT,invalid
X10_Y10,5.659090909090909,297.0,ATTA,Tgtp1
X10_Y10,88.0,296.5,ATUT,invalid
X10_Y10,519.0384615384615,298.8076923076923,ATUT,invalid
X10_Y10,542.2857142857143,296.85714285714283,AAUT,invalid
X10_Y10,108.20994475138122,309.61878453038673,AAUT,invalid
X10_Y10,90.125,307.125,AAUT,invalid
X10_Y10,519.0666666666667,314.22222222222223,ATUT,invalid
X10_Y10,542.1666666666666,311.93333333333334,ATUT,invalid
X10_Y10,90.6796875,324.359375,ATUT,invalid
X10_Y10,268.5,330.0,AUUT,invalid
X10_Y10,822.1666666666666,330.1666666666667,ATUT,invalid
X10_Y10,257.12,335.74,TUTT,invalid
X10_Y10,381.0810810810811,333.5945945945946,ATUT,invalid
X10_Y10,81.0,335.5,AAUA,invalid
X10_Y10,215.1315789473684,342.7894736842105,ATUT,invalid
X10_Y10,337.57142857142856,347.6190476190476,ATUT,invalid
X10_Y10,883.2105263157895,349.0,ATUT,invalid
X10_Y10,223.0,351.1923076923077,AAUT,invalid
X10_Y10,817.125,350.875,TATU,invalid
X10_Y10,138.1011235955056,356.9438202247191,ATUT,invalid
X10_Y10,836.0,352.0,TATU,invalid
X10_Y10,921.7115384615385,357.3076923076923,ATTA,Tgtp1
X10_Y10,605.6666666666666,356.3333333333333,invalid,invalid
X10_Y10,288.8666666666667,361.93333333333334,ATTT,invalid
X10_Y10,174.5,361.0,TTTA,invalid
X10_Y10,802.3888888888889,364.1388888888889,AATC,invalid
X10_Y10,828.6,366.525,ATUT,invalid
X10_Y10,907.2083333333334,367.43055555555554,ATTA,Tgtp1
X10_Y10,811.4705882352941,366.8529411764706,ATUT,invalid
X10_Y10,69.41463414634147,368.1707317073171,AUUT,invalid
X10_Y10,660.9130434782609,368.7826086956522,ATUT,invalid
X10_Y10,849.1818181818181,370.5,AAUT,invalid
X10_Y10,919.8181818181819,378.3181818181818,TATT,invalid
X10_Y10,813.5,374.0,AATT,invalid
X10_Y10,912.7142857142857,379.0,ATTA,Tgtp1
X10_Y10,81.2280701754386,384.0175438596491,ATTA,Tgtp1
X10_Y10,849.1111111111111,386.05555555555554,AAUT,invalid
X10_Y10,312.0,387.5,TTTA,invalid
X10_Y10,318.6,387.8,AAUT,invalid
X10_Y10,604.6111111111111,390.0,ATUT,invalid
X10_Y10,126.5,394.7916666666667,AATT,invalid
X10_Y10,89.825,393.975,TAUA,invalid
X10_Y10,702.675,395.225,ATUU,invalid
X10_Y10,311.3833333333333,396.95,ATTA,Tgtp1
X10_Y10,98.0,399.5,AATU,invalid
X10_Y10,79.72222222222223,400.8888888888889,AAUT,invalid
X10_Y10,109.70588235294117,400.70588235294116,AAUT,invalid
X10_Y10,119.5,400.5,AATT,invalid
X10_Y10,518.0909090909091,402.09090909090907,AAUT,invalid
X10_Y10,532.8,403.6363636363636,AUTT,invalid
X10_Y10,90.05588235294118,417.86176470588236,TAAT,Reln
X10_Y10,512.2222222222222,410.04938271604937,ATTT,invalid
X10_Y10,73.0,411.0,TATT,invalid
X10_Y10,109.77272727272727,411.1363636363636,AATU,invalid
X10_Y10,866.0909090909091,409.3636363636364,ATUT,invalid
X10_Y10,119.01666666666667,413.95,AUUT,invalid
X10_Y10,526.3111111111111,413.55555555555554,ATUA,invalid
X10_Y10,536.5909090909091,416.8863636363636,TAAU,invalid
X10_Y10,517.4,416.2,AAUT,invalid
X10_Y10,226.65217391304347,419.2173913043478,ATUT,invalid
X10_Y10,726.0,416.0,TATT,invalid
X10_Y10,501.0952380952381,419.57142857142856,AAUT,invalid
X10_Y10,644.4193548387096,421.5483870967742,ATUT,invalid
X10_Y10,422.73333333333335,421.93333333333334,TTUA,invalid
X10_Y10,574.5641025641025,427.0769230769231,AUUT,invalid
X10_Y10,690.9787234042553,428.6808510638298,TAUU,invalid
X10_Y10,352.5,429.0,ATTT,invalid
X10_Y10,366.75,431.5833333333333,AAUT,invalid
X10_Y10,99.41935483870968,433.4516129032258,AUUT,invalid
X10_Y10,258.5,431.5,TATC,invalid
X10_Y10,211.73333333333332,433.93333333333334,ATUT,invalid
X10_Y10,821.0526315789474,435.92105263157896,ATUT,invalid
X10_Y10,251.3913043478261,437.4782608695652,UTUU,invalid
X10_Y10,357.6756756756757,437.94594594594594,AAUT,invalid
X10_Y10,343.27272727272725,444.3030303030303,AATT,invalid
X10_Y10,374.6333333333333,441.23333333333335,AATT,invalid
X10_Y10,316.56666666666666,442.53333333333336,ATUT,invalid
X10_Y10,287.5,443.5,AAUT,invalid
X10_Y10,807.0,443.0,TATU,invalid
X10_Y10,221.22222222222223,448.1111111111111,AUTT,invalid
X10_Y10,643.875,448.125,TAUU,invalid
X10_Y10,842.75,451.0,ATUT,invalid
X10_Y10,482.4117647058824,453.05882352941177,TAUU,invalid
X10_Y10,329.5,452.5,AAUT,invalid
X10_Y10,358.66153846153844,459.0769230769231,TUTA,invalid
X10_Y10,847.0909090909091,457.3636363636364,ATUT,invalid
X10_Y10,338.5,459.5,TAAT,Reln
X10_Y10,984.175,460.025,AAUT,invalid
X10_Y10,998.3333333333334,458.44444444444446,AAUT,invalid
X10_Y10,385.57142857142856,460.32142857142856,AUUT,invalid
X10_Y10,855.5172413793103,463.13793103448273,ATUT,invalid
X10_Y10,392.875,462.25,AAUT,invalid
X10_Y10,486.875,461.875,ATUT,invalid
X10_Y10,482.8888888888889,464.3333333333333,ATTA,Tgtp1
X10_Y10,584.1279069767442,479.3272425249169,TATT,invalid
X10_Y10,297.3936170212766,473.0851063829787,ATUT,invalid
X10_Y10,826.0,468.0,AATT,invalid
X10_Y10,839.4545454545455,472.59090909090907,UAUA,invalid
X10_Y10,68.36666666666666,474.3666666666667,AUUT,invalid
X10_Y10,612.3272727272728,475.8909090909091,ATUT,invalid
X10_Y10,560.3333333333334,473.6666666666667,UAUA,invalid
X10_Y10,998.2777777777778,477.22222222222223,ATUT,invalid
X10_Y10,41.32258064516129,477.2903225806452,AUUU,invalid
X10_Y10,551.0442477876106,482.83185840707966,ATTA,Tgtp1
X10_Y10,626.1866359447005,495.6658986175115,ATUT,invalid
X10_Y10,598.0,479.5,UUAC,invalid
X10_Y10,985.675,483.225,ATUT,invalid
X10_Y10,287.84615384615387,484.02564102564105,AUUT,invalid
X10_Y10,830.6315789473684,485.07894736842104,ATUT,invalid
X10_Y10,509.4230769230769,487.7307692307692,AATT,invalid
X10_Y10,627.3333333333334,486.6666666666667,AATA,invalid
X10_Y10,978.0,485.5,TTTA,invalid
X10_Y10,501.5959595959596,497.30808080808083,ATTT,invalid
X10_Y10,608.6666666666666,489.6363636363636,AAUT,invalid
X10_Y10,658.3870967741935,489.741935483871,ATUT,invalid
X10_Y10,988.2666666666667,500.5111111111111,AAUT,invalid
X10_Y10,300.9782608695652,495.60869565217394,ATUT,invalid
X10_Y10,558.0300751879699,501.9924812030075,ATTA,Tgtp1
X10_Y10,143.71428571428572,499.0,AAUT,invalid
X10_Y10,585.219512195122,501.1707317073171,AATT,invalid
X10_Y10,483.3243243243243,502.8918918918919,AAUT,invalid
X10_Y10,596.0675675675676,504.85135135135135,AATT,invalid
X10_Y10,608.0422535211268,502.53521126760563,TAAU,invalid
X10_Y10,376.75,502.6666666666667,AAUT,invalid
X10_Y10,361.6815642458101,518.3631284916202,AATT,invalid
X10_Y10,383.80555555555554,506.80555555555554,ATTA,Tgtp1
X10_Y10,152.0093023255814,516.4883720930233,AATA,invalid
X10_Y10,372.2156862745098,507.94117647058823,ATUT,invalid
X10_Y10,907.24,508.5,TUUT,invalid
X10_Y10,387.44827586206895,520.4551724137931,TAAT,Reln
X10_Y10,983.0204081632653,510.59183673469386,AUUT,invalid
X10_Y10,860.9411764705883,509.8235294117647,TTUA,invalid
X10_Y10,453.20454545454544,512.3863636363636,AUUT,invalid
X10_Y10,606.7446808510638,512.3404255319149,TTUU,invalid
X10_Y10,167.40740740740742,517.7407407407408,AUUT,invalid
X10_Y10,788.5925925925926,524.6666666666666,TAUC,invalid
X10_Y10,822.5882352941177,525.1176470588235,AAUT,invalid
X10_Y10,442.46534653465346,530.8712871287129,AATT,invalid
X10_Y10,623.78125,527.21875,ATTT,invalid
X10_Y10,727.8181818181819,528.0909090909091,ATUT,invalid
X10_Y10,853.1372549019608,539.1764705882352,AUTA,invalid
X10_Y10,378.925,539.025,AUUT,invalid
X10_Y10,872.0,539.875,TAAT,Reln
X10_Y10,266.51851851851853,540.8888888888889,AAUT,invalid
X10_Y10,613.7323943661971,543.3802816901408,ATTA,Tgtp1
X10_Y10,19.853658536585368,544.3170731707318,ATUT,invalid
X10_Y10,416.6333333333333,546.5,ATTA,Tgtp1
X10_Y10,375.7719298245614,549.7719298245614,ATUT,invalid
X10_Y10,147.33333333333334,549.0,AUUT,invalid
X10_Y10,436.44444444444446,551.3703703703703,AUUT,invalid
X10_Y10,691.5238095238095,550.0952380952381,AAUT,invalid
X10_Y10,340.2456140350877,552.3684210526316,TAUU,invalid
X10_Y10,882.3157894736842,557.3421052631579,AAUT,invalid
X10_Y10,861.6257668711656,560.0306748466257,AATT,invalid
X10_Y10,339.280701754386,563.5263157894736,AAUT,invalid
X10_Y10,638.0,560.0,TAUC,invalid
X10_Y10,363.55238095238093,573.7142857142857,ATUT,invalid
X10_Y10,320.5131578947368,574.5394736842105,AATT,invalid
X10_Y10,8.5,571.0,TATT,invalid
X10_Y10,864.0833333333334,570.8333333333334,ATUT,invalid
X10_Y10,350.8041958041958,579.9440559440559,AATT,invalid
X10_Y10,333.5,572.725,AATT,invalid
X10_Y10,334.0892857142857,584.5535714285714,TAAU,invalid
X10_Y10,392.4,584.78,ATUT,invalid
X10_Y10,697.5,584.0,TTAA,invalid
X10_Y10,364.7096774193548,589.4516129032259,AUUT,invalid
X10_Y10,403.0,592.8,TATT,invalid
X10_Y10,344.125,596.3333333333334,ATUT,invalid
X10_Y10,697.0,597.0,AAUT,invalid
X10_Y10,240.31670281995662,614.2039045553146,TTUA,invalid
X10_Y10,123.0,600.0,AAUT,invalid
X10_Y10,433.8,603.5,ATTA,Tgtp1
X10_Y10,706.3478260869565,611.6086956521739,AAUT,invalid
X10_Y10,714.3571428571429,611.2142857142857,ATUT,invalid
X10_Y10,381.3695652173913,612.4130434782609,ATTT,invalid
X10_Y10,101.56862745098039,618.0392156862745,ATUT,invalid
X10_Y10,256.0,615.2857142857143,AAAA,invalid
X10_Y10,695.9219512195122,631.1268292682927,AATT,invalid
X10_Y10,704.8936170212766,624.0425531914893,AATU,invalid
X10_Y10,235.28695652173914,635.5391304347826,ATUT,invalid
X10_Y10,640.0,628.5,AAUT,invalid
X10_Y10,676.7666666666667,630.9333333333333,AAAT,Foxp2
X10_Y10,906.5,630.5,AAUT,invalid
X10_Y10,705.6774193548387,636.6451612903226,AAUA,invalid
X10_Y10,681.9875,643.675,AATT,invalid
X10_Y10,846.32,642.48,ATUT,invalid
X10_Y10,349.6333333333333,642.5,ATTA,Tgtp1
X10_Y10,923.8888888888889,644.8888888888889,TTUC,invalid
X10_Y10,307.9782608695652,650.3478260869565,TAAC,invalid
X10_Y10,919.6415094339623,650.8490566037735,AAUT,invalid
X10_Y10,621.1,652.2,TTUU,invalid
X10_Y10,887.925925925926,655.4074074074074,ATUT,invalid
X10_Y10,831.578947368421,656.8947368421053,TAUC,invalid
X10_Y10,265.20454545454544,666.0227272727273,ATUT,invalid
X10_Y10,897.5,666.0,UTTT,invalid
X10_Y10,634.7567567567568,668.1621621621622,TAAT,Reln
X10_Y10,646.3846153846154,666.3846153846154,invalid,invalid
X10_Y10,163.5,669.0,ATUT,invalid
X10_Y10,323.8888888888889,670.6666666666666,AAUT,invalid
X10_Y10,891.6428571428571,672.7857142857143,UUUT,invalid
X10_Y10,867.8409090909091,678.3181818181819,TTTA,invalid
X10_Y10,34.1,678.05,ATUT,invalid
X10_Y10,644.8181818181819,683.2727272727273,AUUT,invalid
X10_Y10,16.585365853658537,689.1951219512196,ATUT,invalid
X10_Y10,419.3448275862069,692.7241379310345,ATUT,invalid
X10_Y10,203.92307692307693,695.2307692307693,TTUA,invalid
X10_Y10,960.538961038961,702.987012987013,TTAT,invalid
X10_Y10,834.3333333333334,695.2380952380952,AATC,invalid
X10_Y10,897.6153846153846,696.6153846153846,AAUT,invalid
X10_Y10,434.6296296296296,699.5185185185185,ATUT,invalid
X10_Y10,408.0,699.5,AATT,invalid
X10_Y10,974.8529411764706,703.8235294117648,ATUT,invalid
X10_Y10,425.5,706.7142857142857,UTUC,invalid
X10_Y10,55.083333333333336,709.8333333333334,AATU,invalid
X10_Y10,407.44827586206895,710.6896551724138,TATT,invalid
X10_Y10,936.8142857142857,711.7571428571429,ATTT,invalid
X10_Y10,176.375,712.4375,TTUU,invalid
X10_Y10,991.7894736842105,711.578947368421,UAUA,invalid
X10_Y10,968.054794520548,716.4794520547945,ATUT,invalid
X10_Y10,46.59375,715.09375,ATTT,invalid
X10_Y10,403.5,714.0,AATT,invalid
X10_Y10,225.0909090909091,716.3636363636364,AAUT,invalid
X10_Y10,285.5,718.0,ATTA,Tgtp1
X10_Y10,947.1329479768787,724.5664739884393,AATT,invalid
X10_Y10,826.5,718.0,AATT,invalid
X10_Y10,406.05555555555554,719.8888888888889,UAUA,invalid
X10_Y10,31.318181818181817,720.8636363636364,AAUT,invalid
X10_Y10,206.66666666666666,719.6666666666666,ATUT,invalid
X10_Y10,431.5,719.5,AAUT,invalid
X10_Y10,645.1818181818181,722.030303030303,TTUA,invalid
X10_Y10,38.5,720.5,AAAT,Foxp2
X10_Y10,395.8,721.6,UATA,invalid
X10_Y10,526.0,725.0,ATTA,Tgtp1
X10_Y10,610.8267326732673,739.0321782178218,ATUT,invalid
X10_Y10,788.7741935483871,728.8387096774194,ATUT,invalid
X10_Y10,78.6,728.72,TTUU,invalid
X10_Y10,169.5,727.5,TAAT,Reln
X10_Y10,763.0,727.0,AAUT,invalid
X10_Y10,807.5,729.0,TAAU,invalid
X10_Y10,232.0,732.1111111111111,ATUT,invalid
X10_Y10,800.1111111111111,731.6666666666666,ATTA,Tgtp1
X10_Y10,974.578947368421,731.8947368421053,AAUT,invalid
X10_Y10,540.3846153846154,732.3846153846154,ATUT,invalid
X10_Y10,591.5483870967741,733.4193548387096,TAAU,invalid
X10_Y10,414.125,734.0625,ATUT,invalid
X10_Y10,42.74183976261128,743.3501483679526,ATUT,invalid
X10_Y10,274.84615384615387,734.4615384615385,AAUT,invalid
X10_Y10,624.9152542372881,739.6101694915254,ATUT,invalid
X10_Y10,882.5,737.0,TATT,invalid
X10_Y10,462.5,738.5,AAUU,invalid
X10_Y10,224.9718309859155,745.3802816901408,TTUA,invalid
X10_Y10,895.0227272727273,743.3863636363636,AATC,invalid
X10_Y10,811.8,744.0,UUTT,invalid
X10_Y10,936.43,749.29,AATT,invalid
X10_Y10,89.33333333333333,745.6111111111111,ATTA,Tgtp1
X10_Y10,78.29166666666667,749.7291666666666,ATTA,Tgtp1
X10_Y10,534.3695652173913,751.4891304347826,ATTT,invalid
X10_Y10,587.8064516129032,748.6451612903226,ATUT,invalid
X10_Y10,208.4090909090909,756.6272727272727,TTUA,invalid
X10_Y10,789.59375,751.6875,AUUT,invalid
X10_Y10,596.6952380952381,757.1619047619048,ATTU,invalid
X10_Y10,583.0,751.0,ATTT,invalid
X10_Y10,902.1111111111111,752.6666666666666,AATC,invalid
X10_Y10,163.5,754.5,AATT,invalid
X10_Y10,621.0454545454545,754.7272727272727,AAUT,invalid
X10_Y10,504.025,758.925,TAAU,invalid
X10_Y10,377.13513513513516,759.8648648648649,AUUT,invalid
X10_Y10,525.2352941176471,762.9117647058823,TTTA,invalid
X10_Y10,811.925925925926,760.6666666666666,AUUT,invalid
X10_Y10,576.171052631579,765.9473684210526,ATUT,invalid
X10_Y10,843.5,765.0,TTTA,invalid
X10_Y10,352.8888888888889,766.0555555555555,ATTA,Tgtp1
X10_Y10,942.7826086956521,766.6086956521739,AATC,invalid
X10_Y10,642.8269230769231,768.9423076923077,UUUT,invalid
X10_Y10,953.9772727272727,772.25,ATTA,Tgtp1
X10_Y10,200.38135593220338,786.0338983050848,TTTA,invalid
X10_Y10,626.4545454545455,774.8181818181819,TTUA,invalid
X10_Y10,384.5090909090909,779.8909090909091,ATTT,invalid
X10_Y10,396.2173913043478,778.6521739130435,AUUT,invalid
X10_Y10,634.5974025974026,782.5584415584416,TAAT,Reln
X10_Y10,338.56363636363636,782.4727272727273,TTUU,invalid
X10_Y10,719.1282051282051,784.025641025641,ATUT,invalid
X10_Y10,377.4594594594595,786.8918918918919,AAAA,invalid
X10_Y10,62.78947368421053,786.0,TATT,invalid
X10_Y10,388.7875,789.7875,ATUT,invalid
X10_Y10,447.5,787.5,ATUT,invalid
X10_Y10,340.96190476190475,793.6666666666666,ATUT,invalid
X10_Y10,549.6,791.4,ATUT,invalid
X10_Y10,800.6153846153846,791.6153846153846,AAUT,invalid
X10_Y10,611.1590909090909,795.6818181818181,ATUT,invalid
X10_Y10,589.974358974359,795.8461538461538,UUUT,invalid
X10_Y10,581.5522388059702,798.776119402985,ATUA,invalid
X10_Y10,513.8981481481482,806.449074074074,ATTA,Tgtp1
X10_Y10,767.875,804.8148148148148,ATTT,invalid
X10_Y10,404.04651162790697,800.7209302325581,AAUT,invalid
X10_Y10,390.0,798.0,TTTT,invalid
X10_Y10,597.0,800.0,AAUT,invalid
X10_Y10,832.4285714285714,802.7142857142857,AAAT,Foxp2
X10_Y10,753.4155844155844,808.7012987012987,AAUA,invalid
X10_Y10,386.125,803.875,AAUT,invalid
X10_Y10,493.5,804.0,ATTA,Tgtp1
X10_Y10,203.88888888888889,807.5333333333333,TTUA,invalid
X10_Y10,111.33333333333333,811.3333333333334,TUTT,invalid
X10_Y10,396.425,813.925,ATUT,invalid
X10_Y10,732.7142857142857,819.0,AATT,invalid
X10_Y10,551.8095238095239,820.952380952381,AATT,invalid
X10_Y10,410.1566265060241,824.3493975903615,AAAA,invalid
X10_Y10,692.0422535211268,824.6478873239437,ATUT,invalid
X10_Y10,566.3333333333334,827.1818181818181,ATUT,invalid
X10_Y10,476.46875,827.8125,ATUT,invalid
X10_Y10,823.0833333333334,828.1666666666666,invalid,invalid
X10_Y10,8.1875,828.8125,AUUT,invalid
X10_Y10,33.72093023255814,833.8604651162791,AUUT,invalid
X10_Y10,334.53846153846155,830.1538461538462,ATUT,invalid
X10_Y10,387.49838187702267,838.8252427184466,AATT,invalid
X10_Y10,96.0,836.1632653061224,TTTU,invalid
X10_Y10,552.0,833.2857142857143,AATA,invalid
X10_Y10,61.86666666666667,837.7111111111111,AUUT,invalid
X10_Y10,203.15677966101694,841.6483050847457,ATUT,invalid
X10_Y10,992.0,835.0,ATTA,Tgtp1
X10_Y10,417.5,837.5,TAAU,invalid
X10_Y10,692.875,837.125,AATT,invalid
X10_Y10,176.8095238095238,838.952380952381,AAUT,invalid
X10_Y10,4.7936507936507935,841.9047619047619,TTAT,invalid
X10_Y10,296.46875,840.8125,ATUT,invalid
X10_Y10,535.1521739130435,843.5942028985507,AATT,invalid
X10_Y10,616.1724137931035,844.0344827586207,ATUT,invalid
X10_Y10,703.2485207100592,851.2011834319527,TTCA,invalid
X10_Y10,463.7307692307692,846.8461538461538,TAUU,invalid
X10_Y10,119.86666666666666,847.4666666666667,AATT,invalid
X10_Y10,946.7878787878788,850.7878787878788,ATTA,Tgtp1
X10_Y10,534.3333333333334,852.6666666666666,UAUA,invalid
X10_Y10,209.82575757575756,863.5984848484849,AAUT,invalid
X10_Y10,220.22916666666666,855.8125,AATT,invalid
X10_Y10,857.5490196078431,857.8235294117648,ATUT,invalid
X10_Y10,526.4117647058823,858.8823529411765,ATTT,invalid
X10_Y10,831.7534246575342,862.7671232876712,ATTT,invalid
X10_Y10,540.3492063492064,865.957671957672,ATAT,Inpp4b
X10_Y10,849.5641025641025,864.8717948717949,TTTA,invalid
X10_Y10,241.125,861.875,AATU,invalid
X10_Y10,159.30769230769232,866.5,TTUC,invalid
X10_Y10,867.3888888888889,867.1388888888889,ATUT,invalid
X10_Y10,680.5,867.5,TATT,invalid
X10_Y10,860.6666666666666,871.3333333333334,UTTA,invalid
X10_Y10,166.5,872.0,AACT,Nr4a2
X10_Y10,818.8518518518518,873.925925925926,AATT,invalid
X10_Y10,810.6744186046511,876.5348837209302,UTUA,invalid
X10_Y10,616.8888888888889,876.3333333333334,TATT,invalid
X10_Y10,681.375,877.8333333333334,ATTA,Tgtp1
X10_Y10,847.5780346820809,880.485549132948,AATU,invalid
X10_Y10,359.5,879.5,AAUT,invalid
X10_Y10,286.5,881.5,AATT,invalid
X10_Y10,826.3823529411765,885.4117647058823,AAUT,invalid
X10_Y10,382.86787564766837,902.6943005181347,AATT,invalid
X10_Y10,724.0,884.5,TAUU,invalid
X10_Y10,359.2,886.44,ATUT,invalid
X10_Y10,258.0,888.0,ATUT,invalid
X10_Y10,279.71153846153845,888.5192307692307,ATUT,invalid
X10_Y10,583.745,899.8,AATT,invalid
X10_Y10,818.8965517241379,892.1724137931035,ATUT,invalid
X10_Y10,949.0,889.5,ATUT,invalid
X10_Y10,806.8333333333334,891.8333333333334,TTTA,invalid
X10_Y10,721.5,896.0,AAUT,invalid
X10_Y10,803.448275862069,896.5862068965517,AAUT,invalid
X10_Y10,257.07142857142856,899.0357142857143,ATUT,invalid
X10_Y10,281.5,898.5,ATUT,invalid
X10_Y10,605.4285714285714,899.7714285714286,AUUT,invalid
X10_Y10,455.89285714285717,903.4821428571429,AUUT,invalid
X10_Y10,815.8688524590164,903.983606557377,AUUT,invalid
X10_Y10,107.0,902.5,AAUT,invalid
X10_Y10,548.5054945054945,905.6043956043956,ATTA,Tgtp1
X10_Y10,795.1111111111111,903.6666666666666,TAUU,invalid
X10_Y10,216.30769230769232,904.9615384615385,AAUT,invalid
X10_Y10,992.3947368421053,907.3421052631579,ATTA,Tgtp1
X10_Y10,978.3461538461538,907.3461538461538,TAUC,invalid
X10_Y10,562.5,907.0,AAUT,invalid
X10_Y10,577.1363636363636,914.8,AAAT,Foxp2
X10_Y10,155.45945945945945,911.918918918919,ATUT,invalid
X10_Y10,602.5,914.40625,TAAT,Reln
X10_Y10,734.1666666666666,914.0925925925926,TAAT,Reln
X10_Y10,482.96,914.76,ATUT,invalid
X10_Y10,539.6,913.8,AAUT,invalid
X10_Y10,829.8333333333334,916.8333333333334,AAUT,invalid
X10_Y10,549.125,920.3125,AAUT,invalid
X10_Y10,136.40740740740742,925.0,ATTT,invalid
X10_Y10,213.0,921.5,AAUT,invalid
X10_Y10,766.125,921.875,AAUT,invalid
X10_Y10,569.6666666666666,926.6666666666666,ATUT,invalid
X10_Y10,356.5,925.5,AATT,invalid
X10_Y10,548.2820512820513,928.6410256410256,AATU,invalid
X10_Y10,798.5333333333333,926.8666666666667,AAUT,invalid
X10_Y10,221.75,928.4375,ATTA,Tgtp1
X10_Y10,518.0833333333334,930.1666666666666,ATUT,invalid
X10_Y10,354.54901960784315,936.4705882352941,UAAA,invalid
X10_Y10,131.63387978142077,938.9890710382514,ATTT,invalid
X10_Y10,143.42105263157896,933.1052631578947,ATTT,invalid
X10_Y10,741.5,941.0,ATUT,invalid
X10_Y10,538.6333333333333,941.3666666666667,ATUT,invalid
X10_Y10,207.1860465116279,944.0232558139535,TAAT,Reln
X10_Y10,342.39130434782606,942.9130434782609,UAUA,invalid
X10_Y10,839.047619047619,945.6190476190476,TUUT,invalid
X10_Y10,371.0,949.2439024390244,ATUT,invalid
X10_Y10,820.8095238095239,949.952380952381,ATTA,Tgtp1
X10_Y10,907.1136363636364,951.6363636363636,AUUT,invalid
X10_Y10,49.0,951.8333333333334,AAUT,invalid
X10_Y10,383.95238095238096,953.8095238095239,UUUT,invalid
X10_Y10,206.25531914893617,958.7446808510638,ATTA,Tgtp1
X10_Y10,178.0188679245283,960.9433962264151,TUTT,invalid
X10_Y10,69.5,958.5,ATUT,invalid
X10_Y10,423.03508771929825,964.1754385964912,TAUT,invalid
X10_Y10,345.05263157894734,965.8157894736842,ATUT,invalid
X10_Y10,260.92857142857144,967.1904761904761,ATUT,invalid
X10_Y10,467.4,965.4,AAUT,invalid
X10_Y10,590.5,967.0,ATUT,invalid
X10_Y10,458.3809523809524,967.7619047619048,ATUT,invalid
X10_Y10,202.57142857142858,967.7142857142857,ATTA,Tgtp1
X10_Y10,621.8333333333334,971.8333333333334,AAUT,invalid
X10_Y10,575.0196078431372,984.1372549019608,AAAA,invalid
X10_Y10,675.4038461538462,977.5192307692307,TAUU,invalid
X10_Y10,730.54,977.68,ATUT,invalid
X10_Y10,716.2840236686391,990.0710059171597,ATUT,invalid
X10_Y10,797.0,984.5,AAUT,invalid
X10_Y10,247.49773755656108,995.579185520362,AUUT,invalid
X10_Y10,272.96,995.6,AUUT,invalid
X10_Y10,703.1538461538462,996.5384615384615,ATUT,invalid
X10_Y10,692.3333333333334,997.7333333333333,UUUT,invalid
